[
  {
    "value": "Excellent",
    "synonyms": [
      "Excellent",
      "Top-rated",
      "best",
      "5 stars",
      "very good",
      "high rated",
      "highest"
    ]
  },
  {
    "value": "Good",
    "synonyms": [
      "Great",
      "above average",
      "4 stars",
      "good",
      "fine"
    ]
  },
  {
    "value": "Average",
    "synonyms": [
      "Average",
      "Okay",
      "3 star",
      "fair",
      "decent"
    ]
  },
  {
    "value": "Bad",
    "synonyms": [
      "Poor",
      "2 stars",
      "low rated",
      "worst",
      "bad",
      "poorly"
    ]
  }
]