[
  {
    "value": "US",
    "synonyms": [
      "North America",
      "America",
      "USA",
      "US",
      "United State of America",
      "United States of America",
      "united states of america",
      "usa"
    ]
  },
  {
    "value": "PL",
    "synonyms": [
      "Polish",
      "Poland",
      "poland",
      "polish"
    ]
  },
  {
    "value": "GB",
    "synonyms": [
      "Britain",
      "British",
      "british",
      "UK",
      "United Kingdom",
      "English",
      "england",
      "uk",
      "britain"
    ]
  },
  {
    "value": "CA",
    "synonyms": [
      "Canda",
      "candian",
      "Canada",
      "Canadian",
      "CA"
    ]
  }
]