[
  {
    "id": "32cb99bf-0403-4651-a26f-b6f008fd91aa",
    "data": [
      {
        "text": "Something of ",
        "userDefined": false
      },
      {
        "text": "Rayon Vert",
        "meta": "@Beer_name",
        "alias": "Beer_name",
        "userDefined": true
      },
      {
        "text": " calibre",
        "userDefined": false
      }
    ],
    "isTemplate": false,
    "count": 0,
    "lang": "en",
    "updated": 0
  },
  {
    "id": "edb07374-c143-40f9-9075-514b40cd22a8",
    "data": [
      {
        "text": "I want something similar to ",
        "userDefined": false
      },
      {
        "text": "Wolaver\u0027s Oatmeal Stout",
        "meta": "@Beer_name",
        "alias": "Beer_name",
        "userDefined": true
      }
    ],
    "isTemplate": false,
    "count": 0,
    "lang": "en",
    "updated": 0
  },
  {
    "id": "57c2f81c-d6f0-4c6e-a308-4bd9d0149462",
    "data": [
      {
        "text": "Can you recommend something similar to ",
        "userDefined": false
      },
      {
        "text": "Orchard White",
        "meta": "@Beer_name",
        "alias": "Beer_name",
        "userDefined": true
      },
      {
        "text": " please",
        "userDefined": false
      }
    ],
    "isTemplate": false,
    "count": 0,
    "lang": "en",
    "updated": 0
  },
  {
    "id": "dd01a82b-8fb9-4c23-8526-845db0825744",
    "data": [
      {
        "text": "Hex",
        "meta": "@Beer_name",
        "alias": "Beer_name",
        "userDefined": true
      }
    ],
    "isTemplate": false,
    "count": 0,
    "lang": "en",
    "updated": 0
  },
  {
    "id": "517560e9-56e6-41de-a5c4-d76fa40be950",
    "data": [
      {
        "text": "Some like ",
        "userDefined": false
      },
      {
        "text": "snakes venom",
        "meta": "@Beer_name",
        "alias": "Beer_name",
        "userDefined": true
      }
    ],
    "isTemplate": false,
    "count": 0,
    "lang": "en",
    "updated": 0
  },
  {
    "id": "d86eb2ca-e2c2-433d-9616-a8e952473010",
    "data": [
      {
        "text": "I want to try something like ",
        "userDefined": false
      },
      {
        "text": "carlesberrg",
        "meta": "@Beer_name",
        "alias": "Beer_name",
        "userDefined": false
      }
    ],
    "isTemplate": false,
    "count": 0,
    "lang": "en",
    "updated": 0
  },
  {
    "id": "0f5b1c23-5f45-48fd-91b4-b326a9060905",
    "data": [
      {
        "text": "Something like ",
        "userDefined": false
      },
      {
        "text": "stella",
        "meta": "@Beer_name",
        "alias": "Beer_name",
        "userDefined": false
      }
    ],
    "isTemplate": false,
    "count": 0,
    "lang": "en",
    "updated": 0
  },
  {
    "id": "5374b2ba-5724-4faf-8b35-98e634241a54",
    "data": [
      {
        "text": "Corona dry",
        "meta": "@Beer_name",
        "alias": "Beer_name",
        "userDefined": true
      }
    ],
    "isTemplate": false,
    "count": 0,
    "lang": "en",
    "updated": 0
  },
  {
    "id": "239e9e2c-6c4e-4cc4-8f3c-2e4359b6013d",
    "data": [
      {
        "text": "I want something like ",
        "userDefined": false
      },
      {
        "text": "corona",
        "meta": "@Beer_name",
        "alias": "Beer_name",
        "userDefined": true
      }
    ],
    "isTemplate": false,
    "count": 0,
    "lang": "en",
    "updated": 0
  },
  {
    "id": "1fb5f4c4-e2bf-418d-9764-ec08347bbf8f",
    "data": [
      {
        "text": "I want something close to ",
        "userDefined": false
      },
      {
        "text": "molson",
        "meta": "@Beer_name",
        "alias": "Beer_name",
        "userDefined": false
      }
    ],
    "isTemplate": false,
    "count": 0,
    "lang": "en",
    "updated": 0
  },
  {
    "id": "8e3ab0e5-4b42-4d46-b8b6-3985d6888355",
    "data": [
      {
        "text": "I would like to try something like ",
        "userDefined": false
      },
      {
        "text": "canda dry",
        "meta": "@Beer_name",
        "alias": "Beer_name",
        "userDefined": true
      }
    ],
    "isTemplate": false,
    "count": 0,
    "lang": "en",
    "updated": 0
  },
  {
    "id": "f5d6100c-f7ba-4670-973f-b4a605929b04",
    "data": [
      {
        "text": "I want something like ",
        "userDefined": false
      },
      {
        "text": "pale ale",
        "meta": "@Beer_name",
        "alias": "Beer_name",
        "userDefined": true
      }
    ],
    "isTemplate": false,
    "count": 0,
    "lang": "en",
    "updated": 0
  },
  {
    "id": "593a5a36-7c12-43bb-8708-85b07af6a294",
    "data": [
      {
        "text": "Something similar to ",
        "userDefined": false
      },
      {
        "text": "guiness",
        "meta": "@Beer_name",
        "alias": "Beer_name",
        "userDefined": true
      }
    ],
    "isTemplate": false,
    "count": 0,
    "lang": "en",
    "updated": 0
  },
  {
    "id": "ab624b40-253e-4077-857d-04eb555ab4f3",
    "data": [
      {
        "text": "I want to try something similar to ",
        "userDefined": false
      },
      {
        "text": "sapporo",
        "meta": "@Beer_name",
        "alias": "Beer_name",
        "userDefined": true
      }
    ],
    "isTemplate": false,
    "count": 0,
    "lang": "en",
    "updated": 0
  },
  {
    "id": "20358c7b-2239-408b-b299-658b37133dc4",
    "data": [
      {
        "text": "I want to try something similar to ",
        "userDefined": false
      },
      {
        "text": "wacko",
        "meta": "@Beer_name",
        "alias": "Beer_name",
        "userDefined": true
      }
    ],
    "isTemplate": false,
    "count": 0,
    "lang": "en",
    "updated": 0
  },
  {
    "id": "0563296d-a6be-4798-89df-b5fd1b696bb4",
    "data": [
      {
        "text": "Something like ",
        "userDefined": false
      },
      {
        "text": "kingfisher",
        "meta": "@Beer_name",
        "alias": "Beer_name",
        "userDefined": true
      }
    ],
    "isTemplate": false,
    "count": 0,
    "lang": "en",
    "updated": 0
  },
  {
    "id": "18fdb08f-20a6-4242-802c-ba3595730c91",
    "data": [
      {
        "text": "Something like ",
        "userDefined": false
      },
      {
        "text": "bitter brewer",
        "meta": "@Beer_name",
        "alias": "Beer_name",
        "userDefined": true
      }
    ],
    "isTemplate": false,
    "count": 0,
    "lang": "en",
    "updated": 0
  },
  {
    "id": "541f4a25-4b68-4ca1-bbd1-db39a6a702da",
    "data": [
      {
        "text": "Bitter Brewer",
        "meta": "@Beer_name",
        "alias": "Beer_name",
        "userDefined": true
      }
    ],
    "isTemplate": false,
    "count": 1,
    "lang": "en",
    "updated": 0
  },
  {
    "id": "fce4d28a-deda-48b7-bb16-38a541ff5f11",
    "data": [
      {
        "text": "Wacko",
        "meta": "@Beer_name",
        "alias": "Beer_name",
        "userDefined": true
      }
    ],
    "isTemplate": false,
    "count": 0,
    "lang": "en",
    "updated": 0
  },
  {
    "id": "4acd1c95-2899-4ca8-a9b3-a5b01c4e3804",
    "data": [
      {
        "text": "Levitation Ale",
        "meta": "@Beer_name",
        "alias": "Beer_name",
        "userDefined": true
      }
    ],
    "isTemplate": false,
    "count": 0,
    "lang": "en",
    "updated": 0
  },
  {
    "id": "f45f1df4-e88e-44cf-96bd-d33bbb87e6f4",
    "data": [
      {
        "text": "Smuttynose Star Island Single",
        "meta": "@Beer_name",
        "alias": "Beer_name",
        "userDefined": true
      }
    ],
    "isTemplate": false,
    "count": 0,
    "lang": "en",
    "updated": 0
  },
  {
    "id": "b6c18ebc-4c72-471c-b37e-f6a11172047b",
    "data": [
      {
        "text": "Kwibus",
        "meta": "@Beer_name",
        "alias": "Beer_name",
        "userDefined": true
      }
    ],
    "isTemplate": false,
    "count": 0,
    "lang": "en",
    "updated": 0
  }
]