[
  {
    "id": "c5e91cd8-1664-4d82-a87c-dc09b314a6f5",
    "data": [
      {
        "text": "Light",
        "meta": "@BeerAppearance",
        "alias": "beerappearance",
        "userDefined": false
      }
    ],
    "isTemplate": false,
    "count": 0,
    "lang": "en",
    "updated": 0
  },
  {
    "id": "57512a2d-1dbf-42a9-ada0-e2c7dfbef4a7",
    "data": [
      {
        "text": "Dark",
        "meta": "@BeerAppearance",
        "alias": "beerappearance",
        "userDefined": true
      }
    ],
    "isTemplate": false,
    "count": 0,
    "lang": "en",
    "updated": 0
  },
  {
    "id": "d8b7c1bc-5042-47e0-9aea-1551a4a88fe1",
    "data": [
      {
        "text": "amber",
        "meta": "@BeerAppearance",
        "alias": "beerappearance",
        "userDefined": false
      },
      {
        "text": " beers",
        "userDefined": false
      }
    ],
    "isTemplate": false,
    "count": 0,
    "lang": "en",
    "updated": 0
  },
  {
    "id": "3cd292ae-0f64-4371-80f8-5868187fb3b6",
    "data": [
      {
        "text": "dark",
        "meta": "@BeerAppearance",
        "alias": "beerappearance",
        "userDefined": true
      },
      {
        "text": " beers",
        "userDefined": false
      }
    ],
    "isTemplate": false,
    "count": 0,
    "lang": "en",
    "updated": 0
  },
  {
    "id": "da713954-39aa-4efb-bae6-b4531deb8003",
    "data": [
      {
        "text": "Which beers have a ",
        "userDefined": false
      },
      {
        "text": "cinnamon",
        "meta": "@BeerAppearance",
        "alias": "beerappearance",
        "userDefined": false
      },
      {
        "text": " appearance?",
        "userDefined": false
      }
    ],
    "isTemplate": false,
    "count": 0,
    "lang": "en",
    "updated": 0
  },
  {
    "id": "376295f6-c7cc-4bed-a1f4-b7c893b09cd8",
    "data": [
      {
        "text": "Find me a ",
        "userDefined": false
      },
      {
        "text": "biscuit",
        "meta": "@BeerAppearance",
        "alias": "beerappearance",
        "userDefined": false
      },
      {
        "text": " beer",
        "userDefined": false
      }
    ],
    "isTemplate": false,
    "count": 0,
    "lang": "en",
    "updated": 0
  },
  {
    "id": "4ac79cde-54a2-4e3e-92f6-021338054f28",
    "data": [
      {
        "text": "Can you recommend an ",
        "userDefined": false
      },
      {
        "text": "apple red",
        "meta": "@BeerAppearance",
        "alias": "beerappearance",
        "userDefined": false
      },
      {
        "text": " beer?",
        "userDefined": false
      }
    ],
    "isTemplate": false,
    "count": 0,
    "lang": "en",
    "updated": 0
  },
  {
    "id": "561be4ab-0b1f-49fe-ac8a-dcb193de96f5",
    "data": [
      {
        "text": "I\u0027m interested in ",
        "userDefined": false
      },
      {
        "text": "amber",
        "meta": "@BeerAppearance",
        "alias": "beerappearance",
        "userDefined": false
      },
      {
        "text": " beers.Recommendation",
        "userDefined": false
      }
    ],
    "isTemplate": false,
    "count": 0,
    "lang": "en",
    "updated": 0
  },
  {
    "id": "d6217751-9d35-432c-bca8-f446f9636922",
    "data": [
      {
        "text": "Find me a beer with a ",
        "userDefined": false
      },
      {
        "text": "butter",
        "meta": "@BeerAppearance",
        "alias": "beerappearance",
        "userDefined": false
      },
      {
        "text": " appearance.",
        "userDefined": false
      }
    ],
    "isTemplate": false,
    "count": 0,
    "lang": "en",
    "updated": 0
  },
  {
    "id": "950e3e5b-1cf8-46cd-910a-1733b29b6f1d",
    "data": [
      {
        "text": "Can you recommend a ",
        "userDefined": false
      },
      {
        "text": "buttercup",
        "meta": "@BeerAppearance",
        "alias": "beerappearance",
        "userDefined": false
      },
      {
        "text": " beer?",
        "userDefined": false
      }
    ],
    "isTemplate": false,
    "count": 0,
    "lang": "en",
    "updated": 0
  },
  {
    "id": "07d04989-1937-4130-ad5c-ae0a9e2c6391",
    "data": [
      {
        "text": "I want my recommendations to have beers which are ",
        "userDefined": false
      },
      {
        "text": "amber",
        "meta": "@BeerAppearance",
        "alias": "beerappearance",
        "userDefined": false
      },
      {
        "text": " in color",
        "userDefined": false
      }
    ],
    "isTemplate": false,
    "count": 0,
    "lang": "en",
    "updated": 0
  },
  {
    "id": "f200cd3e-d304-4edb-880d-25a941ecd059",
    "data": [
      {
        "text": "something ",
        "userDefined": false
      },
      {
        "text": "orangy",
        "meta": "@BeerAppearance",
        "alias": "beerappearance",
        "userDefined": true
      },
      {
        "text": " in color",
        "userDefined": false
      }
    ],
    "isTemplate": false,
    "count": 0,
    "lang": "en",
    "updated": 0
  },
  {
    "id": "11b40dd1-15b8-431d-92ba-93ab61cfddb8",
    "data": [
      {
        "text": "I want something ",
        "userDefined": false
      },
      {
        "text": "yellowish",
        "meta": "@BeerAppearance",
        "alias": "beerappearance",
        "userDefined": true
      },
      {
        "text": " in color",
        "userDefined": false
      }
    ],
    "isTemplate": false,
    "count": 0,
    "lang": "en",
    "updated": 0
  },
  {
    "id": "828bb8a7-16d3-4b73-a416-993b9ec45c83",
    "data": [
      {
        "text": "I want you to recommend something ",
        "userDefined": false
      },
      {
        "text": "light",
        "meta": "@BeerAppearance",
        "alias": "beerappearance",
        "userDefined": false
      },
      {
        "text": " in color",
        "userDefined": false
      }
    ],
    "isTemplate": false,
    "count": 0,
    "lang": "en",
    "updated": 0
  },
  {
    "id": "aaa5718b-3959-4be4-9de9-88b2d9b2b14d",
    "data": [
      {
        "text": "I want some ",
        "userDefined": false
      },
      {
        "text": "dark",
        "meta": "@BeerAppearance",
        "alias": "beerappearance",
        "userDefined": true
      },
      {
        "text": " colored beers",
        "userDefined": false
      }
    ],
    "isTemplate": false,
    "count": 0,
    "lang": "en",
    "updated": 0
  },
  {
    "id": "162a0d3b-75f6-4153-b4ab-62cdcfea7379",
    "data": [
      {
        "text": "I want you to recommend some beers that are dark ",
        "userDefined": false
      },
      {
        "text": "brown",
        "meta": "@BeerAppearance",
        "alias": "beerappearance",
        "userDefined": false
      },
      {
        "text": " in appearance",
        "userDefined": false
      }
    ],
    "isTemplate": false,
    "count": 0,
    "lang": "en",
    "updated": 0
  },
  {
    "id": "a2eb4d5c-7661-4641-9d95-c438cecd32ff",
    "data": [
      {
        "text": "Find me a beer with a ",
        "userDefined": false
      },
      {
        "text": "vanilla",
        "meta": "@BeerAppearance",
        "alias": "beerappearance",
        "userDefined": false
      },
      {
        "text": " appearance.",
        "userDefined": false
      }
    ],
    "isTemplate": false,
    "count": 0,
    "lang": "en",
    "updated": 0
  },
  {
    "id": "cd185f58-8649-4281-ba8c-2147190de42f",
    "data": [
      {
        "text": "Can you recommend an ",
        "userDefined": false
      },
      {
        "text": "oatmeal",
        "meta": "@BeerAppearance",
        "alias": "beerappearance",
        "userDefined": false
      },
      {
        "text": " beer?",
        "userDefined": false
      }
    ],
    "isTemplate": false,
    "count": 0,
    "lang": "en",
    "updated": 0
  },
  {
    "id": "7d462808-00a9-42c7-bc2e-7be46080061b",
    "data": [
      {
        "text": "I\u0027m looking for a ",
        "userDefined": false
      },
      {
        "text": "cream",
        "meta": "@BeerAppearance",
        "alias": "beerappearance",
        "userDefined": false
      },
      {
        "text": " beer.",
        "userDefined": false
      }
    ],
    "isTemplate": false,
    "count": 0,
    "lang": "en",
    "updated": 0
  },
  {
    "id": "8bc4d039-a983-489e-9094-e65a849bf0ad",
    "data": [
      {
        "text": "Show me beers that are ",
        "userDefined": false
      },
      {
        "text": "white",
        "meta": "@BeerAppearance",
        "alias": "beerappearance",
        "userDefined": false
      },
      {
        "text": ".",
        "userDefined": false
      }
    ],
    "isTemplate": false,
    "count": 0,
    "lang": "en",
    "updated": 0
  }
]