[
  {
    "id": "d5cf5817-a123-45b0-98cc-ab819372e64b",
    "data": [
      {
        "text": "new beers",
        "userDefined": false
      }
    ],
    "isTemplate": false,
    "count": 0,
    "lang": "en",
    "updated": 0
  },
  {
    "id": "e0db2aed-693e-46aa-963e-d86944eb14c2",
    "data": [
      {
        "text": "explore new beers",
        "userDefined": false
      }
    ],
    "isTemplate": false,
    "count": 0,
    "lang": "en",
    "updated": 0
  },
  {
    "id": "1a796f30-b903-4e6c-beaf-b7fc98be3ec3",
    "data": [
      {
        "text": "explore something new",
        "userDefined": false
      }
    ],
    "isTemplate": false,
    "count": 0,
    "lang": "en",
    "updated": 0
  },
  {
    "id": "f80d09c7-9aac-4824-8a57-c92df992e9ba",
    "data": [
      {
        "text": "new options",
        "userDefined": false
      }
    ],
    "isTemplate": false,
    "count": 0,
    "lang": "en",
    "updated": 0
  },
  {
    "id": "f9aaf9e7-2b7c-42f4-b39a-11b838c3fee5",
    "data": [
      {
        "text": "I want to try new options",
        "userDefined": false
      }
    ],
    "isTemplate": false,
    "count": 0,
    "lang": "en",
    "updated": 0
  },
  {
    "id": "4081e0d2-cc56-4082-aa89-e846f17e6057",
    "data": [
      {
        "text": "I wish to explore new options",
        "userDefined": false
      }
    ],
    "isTemplate": false,
    "count": 0,
    "lang": "en",
    "updated": 0
  },
  {
    "id": "6e3f51ec-3d2a-4a33-81a3-acf0c85ff939",
    "data": [
      {
        "text": "I want to try something new",
        "userDefined": false
      }
    ],
    "isTemplate": false,
    "count": 0,
    "lang": "en",
    "updated": 0
  },
  {
    "id": "58d2d2ad-e0c6-483c-a57d-d8a082a87292",
    "data": [
      {
        "text": "explore",
        "userDefined": false
      }
    ],
    "isTemplate": false,
    "count": 0,
    "lang": "en",
    "updated": 0
  },
  {
    "id": "28295d30-e0aa-4385-bed1-77085091b3fa",
    "data": [
      {
        "text": "i want to try new things",
        "userDefined": false
      }
    ],
    "isTemplate": false,
    "count": 0,
    "lang": "en",
    "updated": 0
  },
  {
    "id": "dda92069-ab4d-46e0-b86c-b38484e0a83a",
    "data": [
      {
        "text": "discover something new",
        "userDefined": false
      }
    ],
    "isTemplate": false,
    "count": 0,
    "lang": "en",
    "updated": 0
  }
]