[
  {
    "id": "f336f2e9-ad65-471b-84d7-180e9fe8615a",
    "data": [
      {
        "text": "hoppy",
        "meta": "@BeerFlavor",
        "alias": "BeerFlavor",
        "userDefined": true
      }
    ],
    "isTemplate": false,
    "count": 0,
    "lang": "en",
    "updated": 0
  },
  {
    "id": "36255a6b-9b7c-42ee-8529-e34343ce8c01",
    "data": [
      {
        "text": "fruity",
        "meta": "@BeerFlavor",
        "alias": "BeerFlavor",
        "userDefined": true
      }
    ],
    "isTemplate": false,
    "count": 0,
    "lang": "en",
    "updated": 0
  },
  {
    "id": "eb04fe6b-f69d-41da-955b-a5eb45226791",
    "data": [
      {
        "text": "malty",
        "meta": "@BeerFlavor",
        "alias": "BeerFlavor",
        "userDefined": true
      }
    ],
    "isTemplate": false,
    "count": 0,
    "lang": "en",
    "updated": 0
  },
  {
    "id": "14815150-d7ae-4f92-878b-05060c2a56c0",
    "data": [
      {
        "text": "bitter",
        "meta": "@BeerFlavor",
        "alias": "BeerFlavor",
        "userDefined": true
      }
    ],
    "isTemplate": false,
    "count": 0,
    "lang": "en",
    "updated": 0
  },
  {
    "id": "9e333360-c41c-4cfe-92e9-bf49c85eef88",
    "data": [
      {
        "text": "I want a beer that tastes like summer fruits.",
        "userDefined": false
      }
    ],
    "isTemplate": false,
    "count": 0,
    "lang": "en",
    "updated": 0
  },
  {
    "id": "14cfebf6-f788-4f25-9328-1a8681c69027",
    "data": [
      {
        "text": "Which beers have a ",
        "userDefined": false
      },
      {
        "text": "malty",
        "meta": "@BeerFlavor",
        "alias": "BeerFlavor",
        "userDefined": true
      },
      {
        "text": " sweetness to them?",
        "userDefined": false
      }
    ],
    "isTemplate": false,
    "count": 0,
    "lang": "en",
    "updated": 0
  },
  {
    "id": "24cf0972-fe90-4ffb-8fa2-130d31fb8cda",
    "data": [
      {
        "text": "I\u0027m curious about very ",
        "userDefined": false
      },
      {
        "text": "hoppy",
        "meta": "@BeerFlavor",
        "alias": "BeerFlavor",
        "userDefined": true
      },
      {
        "text": " beers.",
        "userDefined": false
      }
    ],
    "isTemplate": false,
    "count": 0,
    "lang": "en",
    "updated": 0
  },
  {
    "id": "35cc1525-59a4-4ea5-8d59-e7d0137a324d",
    "data": [
      {
        "text": "What are the ",
        "userDefined": false
      },
      {
        "text": "fruitiest",
        "meta": "@BeerFlavor",
        "alias": "BeerFlavor",
        "userDefined": true
      },
      {
        "text": " beers you have?",
        "userDefined": false
      }
    ],
    "isTemplate": false,
    "count": 0,
    "lang": "en",
    "updated": 0
  },
  {
    "id": "60987e19-a479-48cb-a74c-5507bbb4fc44",
    "data": [
      {
        "text": "Suggest a beer with a balance of ",
        "userDefined": false
      },
      {
        "text": "malt",
        "meta": "@BeerFlavor",
        "alias": "BeerFlavor",
        "userDefined": true
      },
      {
        "text": " and hops",
        "userDefined": false
      }
    ],
    "isTemplate": false,
    "count": 0,
    "lang": "en",
    "updated": 0
  },
  {
    "id": "8c6e236b-bcce-4c2b-ac93-1a38ac5da715",
    "data": [
      {
        "text": "I\u0027m in the mood for something with a ",
        "userDefined": false
      },
      {
        "text": "malt",
        "meta": "@BeerFlavor",
        "alias": "BeerFlavor",
        "userDefined": true
      },
      {
        "text": " kick.",
        "userDefined": false
      }
    ],
    "isTemplate": false,
    "count": 0,
    "lang": "en",
    "updated": 0
  },
  {
    "id": "42b2274a-5007-4eb2-b792-1e1ae03c2bc2",
    "data": [
      {
        "text": "Show me your best hoppy beers.",
        "userDefined": false
      }
    ],
    "isTemplate": false,
    "count": 0,
    "lang": "en",
    "updated": 0
  },
  {
    "id": "0464034c-dba1-4689-a0f9-d377bcb0394a",
    "data": [
      {
        "text": "Which beers have a strong ",
        "userDefined": false
      },
      {
        "text": "bitter",
        "meta": "@BeerFlavor",
        "alias": "BeerFlavor",
        "userDefined": true
      },
      {
        "text": " taste?",
        "userDefined": false
      }
    ],
    "isTemplate": false,
    "count": 0,
    "lang": "en",
    "updated": 0
  },
  {
    "id": "3903c7b5-7259-4283-8fc1-a7a31f2fc6f2",
    "data": [
      {
        "text": "Find me a beer that\u0027s fruity and refreshing.",
        "userDefined": false
      }
    ],
    "isTemplate": false,
    "count": 0,
    "lang": "en",
    "updated": 0
  },
  {
    "id": "935ef61f-b91f-4b10-ba9e-7edd9f7911ab",
    "data": [
      {
        "text": "I love malty flavors, what beers should I try?",
        "userDefined": false
      }
    ],
    "isTemplate": false,
    "count": 1,
    "lang": "en",
    "updated": 0
  },
  {
    "id": "ae5dfa96-8096-4207-a4bb-2c91b4a506f9",
    "data": [
      {
        "text": "What\u0027s a good bitter beer?",
        "userDefined": false
      }
    ],
    "isTemplate": false,
    "count": 0,
    "lang": "en",
    "updated": 0
  },
  {
    "id": "8a4faeda-c2e6-4b82-9180-fa55ed80ffa4",
    "data": [
      {
        "text": "Recommend a really hoppy beer for me",
        "userDefined": false
      }
    ],
    "isTemplate": false,
    "count": 0,
    "lang": "en",
    "updated": 0
  }
]