[
  {
    "id": "644f538e-767f-462e-b583-abf114843343",
    "data": [
      {
        "text": "i want to something which i drank",
        "userDefined": false
      }
    ],
    "isTemplate": false,
    "count": 0,
    "lang": "en",
    "updated": 0
  },
  {
    "id": "b9cd497f-bac5-48b8-b7d5-828750b4ae2f",
    "data": [
      {
        "text": "I want you to recommend something based on which i\u0027ve already had",
        "userDefined": false
      }
    ],
    "isTemplate": false,
    "count": 0,
    "lang": "en",
    "updated": 0
  },
  {
    "id": "14781dfa-ce3c-47b3-93a9-a8118b0fa497",
    "data": [
      {
        "text": "I want to try something similar",
        "userDefined": false
      }
    ],
    "isTemplate": false,
    "count": 0,
    "lang": "en",
    "updated": 0
  },
  {
    "id": "7a36aff4-81af-4951-b98e-b17a6c9d16a8",
    "data": [
      {
        "text": "i want to try a beer based on a beer i already know",
        "userDefined": false
      }
    ],
    "isTemplate": false,
    "count": 0,
    "lang": "en",
    "updated": 0
  },
  {
    "id": "e44c5770-5af1-4275-96ed-311fa47bcdd9",
    "data": [
      {
        "text": "I want to try something i\u0027ve treid before itself",
        "userDefined": false
      }
    ],
    "isTemplate": false,
    "count": 0,
    "lang": "en",
    "updated": 0
  },
  {
    "id": "186ce85d-4ecf-4fca-a2c3-3e9109f43b2a",
    "data": [
      {
        "text": "I want to try something that I\u0027ve tasted before",
        "userDefined": false
      }
    ],
    "isTemplate": false,
    "count": 0,
    "lang": "en",
    "updated": 0
  },
  {
    "id": "7662bad8-76ce-4f68-af06-07eac5c8ae05",
    "data": [
      {
        "text": "something that I have already tried",
        "userDefined": false
      }
    ],
    "isTemplate": false,
    "count": 0,
    "lang": "en",
    "updated": 0
  },
  {
    "id": "247f4ead-6038-4ce3-981d-959e86ef82db",
    "data": [
      {
        "text": "similar taste",
        "userDefined": false
      }
    ],
    "isTemplate": false,
    "count": 0,
    "lang": "en",
    "updated": 0
  },
  {
    "id": "b0b97a70-62eb-4818-af2d-4f7e755bb725",
    "data": [
      {
        "text": "similar",
        "userDefined": false
      }
    ],
    "isTemplate": false,
    "count": 0,
    "lang": "en",
    "updated": 0
  },
  {
    "id": "1e44249f-714a-40e2-bd4a-4cc5512bf2a9",
    "data": [
      {
        "text": "go",
        "userDefined": false
      }
    ],
    "isTemplate": false,
    "count": 0,
    "lang": "en",
    "updated": 0
  }
]